<ImportExportXml xmlns:xsi="http://www.w3.org/2001/XMLSchema-instance">
  <Entities>
    <Entity>
      <Name LocalizedName="Case" OriginalName="Case">Incident</Name>
      <EntityInfo>
        <entity Name="Incident">
          <attributes>
            <attribute PhysicalName="new_contactnew">
              <Type>nvarchar</Type>
              <Name>new_contactnew</Name>
              <LogicalName>new_contactnew</LogicalName>
              <RequiredLevel>none</RequiredLevel>
              <DisplayMask>ValidForAdvancedFind|ValidForForm|ValidForGrid</DisplayMask>
              <ImeMode>auto</ImeMode>
              <ValidForUpdateApi>1</ValidForUpdateApi>
              <ValidForReadApi>1</ValidForReadApi>
              <ValidForCreateApi>1</ValidForCreateApi>
              <IsCustomField>1</IsCustomField>
              <IsAuditEnabled>1</IsAuditEnabled>
              <IsSecured>0</IsSecured>
              <IntroducedVersion>1.0</IntroducedVersion>
              <IsCustomizable>1</IsCustomizable>
              <IsRenameable>1</IsRenameable>
              <CanModifySearchSettings>1</CanModifySearchSettings>
              <CanModifyRequirementLevelSettings>1</CanModifyRequirementLevelSettings>
              <CanModifyAdditionalSettings>1</CanModifyAdditionalSettings>
              <SourceType>0</SourceType>
              <IsGlobalFilterEnabled>0</IsGlobalFilterEnabled>
              <IsSortableEnabled>0</IsSortableEnabled>
              <CanModifyGlobalFilterSettings>1</CanModifyGlobalFilterSettings>
              <CanModifyIsSortableSettings>1</CanModifyIsSortableSettings>
              <IsDataSourceSecret>0</IsDataSourceSecret>
              <AutoNumberFormat></AutoNumberFormat>
              <IsSearchable>0</IsSearchable>
              <IsFilterable>0</IsFilterable>
              <IsRetrievable>0</IsRetrievable>
              <IsLocalizable>0</IsLocalizable>
              <Format>text</Format>
              <MaxLength>4000</MaxLength>
              <Length>8000</Length>
              <displaynames>
                <displayname description="contactnew" languagecode="1033" />
              </displaynames>
              <Descriptions>
                <Description description="" languagecode="1033" />
              </Descriptions>
            </attribute>
          </attributes>
        </entity>
      </EntityInfo>
      <FormXml>
        <forms type="main">
          <systemform>
            <formid>{4a63c8d1-6c1e-48ec-9db4-3e6c7155334c}</formid>
            <IntroducedVersion>5.0.0.0</IntroducedVersion>
            <FormPresentation>1</FormPresentation>
            <FormActivationState>1</FormActivationState>
            <form enablerelatedinformation="false" shownavigationbar="true" hasmargin="false" headerdensity="HighWithControls">
              <tabs showlabels="true">
                <tab name="general" verticallayout="true" id="{564b9a08-4626-46f5-8bd8-3d31e17a8873}" IsUserDefined="0" ordinalvalue="0">
                  <columns>
                    <column width="30%" id="0">
                      <sections>
                        <section name="Details" showlabel="true" labelwidth="102" showbar="false" id="{09d03c8d-5a6b-4a94-b7d9-cfa1b5364015}" IsUserDefined="0" locklevel="0" celllabelposition="Left" ordinalvalue="0">
                          <rows>
                            <row>
                              <cell id="{26940645-ec02-4f99-bbcf-c4cc33a2be4c}" showlabel="true" locklevel="0" ordinalvalue="10005">
                                <control id="primarycontactid" classid="{270BD3DB-D9AF-4782-9025-509E298DEC0A}" datafieldname="primarycontactid" disabled="false" uniqueid="{4c5016ce-21b0-b2ab-d615-ad19c285ec13}" solutionaction="Modified" />
                              </cell>
                            </row>
                            <row>
                              <cell id="{84e194a6-8519-c8cd-3523-27ced1b40bae}" showlabel="true" locklevel="0" ordinalvalue="10009" solutionaction="Added">
                                <labels>
                                  <label description="" languagecode="1033" />
                                </labels>
                                <control id="new_contactnew" classid="{F9A8A302-114E-466A-B582-6771B2AE0D92}" datafieldname="new_contactnew" disabled="false" uniqueid="{aa8b0e07-438a-5c05-550c-e110a85a7ca4}" />
                              </cell>
                            </row>
                          </rows>
                        </section>
                      </sections>
                    </column>
                  </columns>
                </tab>
                <tab name="FieldService" id="{56868698-240e-5b49-3ed3-487c78cab12b}" IsUserDefined="0" locklevel="0" showlabel="true" expanded="false" ordinalvalue="8">
                  <columns>
                    <column width="50%" id="1">
                      <sections>
                        <section name="tab_8_section_2" showlabel="false" showbar="false" locklevel="0" id="{02ee4497-88ad-0943-edb0-d08b60903ebb}" IsUserDefined="0" layout="varwidth" columns="1" labelwidth="115" ordinalvalue="0">
                          <rows>
                            <row>
                              <cell id="{7a3cd5b1-9d83-4e9f-a5e2-d482566b05ba}" ordinalvalue="10000" solutionaction="Added">
                                <labels>
                                  <label description="" languagecode="1033" />
                                </labels>
                              </cell>
                            </row>
                          </rows>
                        </section>
                      </sections>
                    </column>
                  </columns>
                </tab>
              </tabs>
              <controlDescriptions>
                <controlDescription forControl="{aa8b0e07-438a-5c05-550c-e110a85a7ca4}" solutionaction="Added">
                  <customControl id="{4273EDBD-AC1D-40d3-9FB2-095C621B552D}">
                    <parameters>
                      <datafieldname>new_contactnew</datafieldname>
                    </parameters>
                  </customControl>
                  <customControl formFactor="0" name="msdyn_MscrmControls.FieldService.MultiselectLookupControl">
                    <parameters>
                      <outputProperty>new_contactnew</outputProperty>
                      <entityName static="true" type="SingleLine.Text">systemuser</entityName>
                      <defaultViewId static="true" type="SingleLine.Text">systemuserid</defaultViewId>
                    </parameters>
                  </customControl>
                  <customControl formFactor="1" name="msdyn_MscrmControls.FieldService.MultiselectLookupControl">
                    <parameters>
                      <outputProperty>new_contactnew</outputProperty>
                      <entityName static="true" type="SingleLine.Text">systemuser</entityName>
                      <defaultViewId static="true" type="SingleLine.Text">systemuserid</defaultViewId>
                    </parameters>
                  </customControl>
                  <customControl formFactor="2" name="msdyn_MscrmControls.FieldService.MultiselectLookupControl">
                    <parameters>
                      <outputProperty>new_contactnew</outputProperty>
                      <entityName static="true" type="SingleLine.Text">systemuser</entityName>
                      <defaultViewId static="true" type="SingleLine.Text">systemuserid</defaultViewId>
                    </parameters>
                  </customControl>
                </controlDescription>
              </controlDescriptions>
            </form>
            <LocalizedNames>
              <LocalizedName description="Case" languagecode="1033" />
            </LocalizedNames>
            <Descriptions>
              <Description description="Updated default Case form." languagecode="1033" />
            </Descriptions>
          </systemform>
        </forms>
      </FormXml>
      <RibbonDiffXml>
        <CustomActions />
        <Templates>
          <RibbonTemplates Id="Mscrm.Templates"></RibbonTemplates>
        </Templates>
        <CommandDefinitions />
        <RuleDefinitions>
          <TabDisplayRules />
          <DisplayRules />
          <EnableRules />
        </RuleDefinitions>
        <LocLabels />
      </RibbonDiffXml>
    </Entity>
  </Entities>
  <Roles></Roles>
  <Workflows></Workflows>
  <FieldSecurityProfiles></FieldSecurityProfiles>
  <Templates />
  <EntityMaps />
  <EntityRelationships />
  <OrganizationSettings />
  <optionsets />
  <CustomControls />
  <EntityDataProviders />
  <Languages>
    <Language>1033</Language>
  </Languages>
</ImportExportXml>